{"cameraMode":{"drawMode":0,"name":"Shaded","section":"Shading Mode"},"sceneLighting":true,"audioPlay":false,"sceneViewState":{"showFog":true,"showMaterialUpdate":false,"showSkybox":true,"showFlares":true,"showImageEffects":true,"showParticleSystems":true},"in2DMode":false,"pivot":{"x":3.5814836025238039,"y":3.082549571990967,"z":2.4359512329101564},"rotation":{"x":-0.18896883726119996,"y":0.42841023206710818,"z":-0.09212728589773178,"w":-0.8787922859191895},"size":12.790264129638672,"orthographic":false}